"01-11";"Lid op plek 01-11";"Boot op plek 01-11";"gevlekt-oranje";"geel"
"01-12";"Lid op plek 01-12";"Boot op plek 01-12";"geel";"geel"
"01-13";"Lid op plek 01-13";"Boot op plek 01-13";"wit";"wit"
"01-14";"Lid op plek 01-14";"Boot op plek 01-14";"groen-geel";"groen-geel"
"01-21";"Lid op plek 01-21";"Boot op plek 01-21";"groen";"groen"
"01-22";"Lid op plek 01-22";"Boot op plek 01-22";"groen";"wit"
"01-23";"Lid op plek 01-23";"Boot op plek 01-23";"rood-oranje";"wit"
"01-24";"Lid op plek 01-24";"Boot op plek 01-24";"rood";"wit"
"01-25";"Lid op plek 01-25";"Boot op plek 01-25";"rood";"wit"
"01-31";"Lid op plek 01-31";"Boot op plek 01-31";"blauw";"wit"
"01-32";"Lid op plek 01-32";"Boot op plek 01-32";"blauw";"wit"
"01-33";"Lid op plek 01-33";"Boot op plek 01-33";"rood-oranje";"rood-oranje"
"01-34";"Lid op plek 01-34";"Boot op plek 01-34";"rood";"donker-blauw"
"01-35";"Lid op plek 01-35";"Boot op plek 01-35";"wit-geel";"wit"
"01-41";"Lid op plek 01-41";"Boot op plek 01-41";"blauw";"wit"
"01-42";"Lid op plek 01-42";"Boot op plek 01-42";"geel";"wit"
"01-43";"Lid op plek 01-43";"Boot op plek 01-43";"wit";"wit"
"01-44";"Lid op plek 01-44";"Boot op plek 01-44";"wit";"wit"
"01-45";"Lid op plek 01-45";"Boot op plek 01-45";"groen";"groen"
"01-51";"Lid op plek 01-51";"Boot op plek 01-51";"blauw";"wit"
"01-52";"Lid op plek 01-52";"Boot op plek 01-52";"geel-oranje";"wit"
"01-53";"Lid op plek 01-53";"Boot op plek 01-53";"rood-oranje";"wit"
"01-54";"Lid op plek 01-54";"Boot op plek 01-54";"blauw";"wit"
"01-55";"Lid op plek 01-55";"Boot op plek 01-55";"groen";"wit"
"01-61";"Lid op plek 01-61";"Boot op plek 01-61";"blauw";"wit"
"01-62";"Lid op plek 01-62";"Boot op plek 01-62";"rood";"wit"
"01-63";"Lid op plek 01-63";"Boot op plek 01-63";"gevlekt-rood";"rood"
"01-64";"Lid op plek 01-64";"Boot op plek 01-64";"blauw";"wit"
"01-65";"Lid op plek 01-65";"Boot op plek 01-65";"rood";"wit"
"02-11";"Lid op plek 02-11";"Boot op plek 02-11";"oranje";"oranje"
"02-12";"Lid op plek 02-12";"Boot op plek 02-12";"groen";"groen"
"02-13";"Lid op plek 02-13";"Boot op plek 02-13";"aluminium";"aluminium"
"02-21";"Lid op plek 02-21";"Boot op plek 02-21";"red/ceder";"zwart"
"02-22";"Lid op plek 02-22";"Boot op plek 02-22";"oranje";"oranje"
"02-22-1";"Lid op plek 02-22-1";"Boot op plek 02-22-1";"hout";"hout"
"02-23";"Lid op plek 02-23";"Boot op plek 02-23";"groen";"groen"
"02-31";"Lid op plek 02-31";"Boot op plek 02-31";"wit";"wit"
"02-32";"";"";"";""
"02-33";"Lid op plek 02-33";"Boot op plek 02-33";"blauw";"blauw"
"02-41";"";"";"";""
"02-42";"Lid op plek 02-42";"Boot op plek 02-42";"wit";"wit"
"02-43";"KV de Windhappers";"";"";""
"02-44";"Lid op plek 02-44";"Boot op plek 02-44";"wit/groen";"groen"
"02-45";"Lid op plek 02-45";"Boot op plek 02-45";"wit";"wit"
"02-46";"Lid op plek 02-46";"Boot op plek 02-46";"wit";"wit"
"03-11";"Lid op plek 03-11";"Boot op plek 03-11";"grijs";"grijs"
"03-12";"Lid op plek 03-12";"Boot op plek 03-12";"rood";"rood"
"03-13";"Lid op plek 03-13";"Boot op plek 03-13";"aluminium";"aluminium"
"03-21";"Lid op plek 03-21";"Boot op plek 03-21";"rood";"rood"
"03-22";"Lid op plek 03-22";"Boot op plek 03-22";"zwart";"rood"
"03-23";"Lid op plek 03-23";"Boot op plek 03-23";"rood";"rood"
"03-31";"Lid op plek 03-31";"Boot op plek 03-31";"groen";"groen"
"03-32";"Lid op plek 03-32";"Boot op plek 03-32";"rood";"rood"
"03-33";"Lid op plek 03-33";"Boot op plek 03-33";"ivoor";"ivoor"
"03-41";"";"";"";""
"03-42";"";"";"";""
"03-43";"";"";"";""
"03-44";"";"";"";""
"04-11";"Lid op plek 04-11";"Boot op plek 04-11";"rood";"rood"
"04-12";"Lid op plek 04-12";"Boot op plek 04-12";"rood";"rood"
"04-12-1";"";"";"";""
"04-13";"Lid op plek 04-13";"Boot op plek 04-13";"groen";"groen"
"04-21";"Lid op plek 04-21";"Boot op plek 04-21";"rood";"wit"
"04-22";"Lid op plek 04-22";"Boot op plek 04-22";"wit";"wit"
"04-23";"Lid op plek 04-23";"Boot op plek 04-23";"groen";"groen"
"04-31";"Lid op plek 04-31";"Boot op plek 04-31";"aluminium";"aluminium"
"04-32-A";"";"";"";""
"04-32-B";"Lid op plek 04-32-B";"Boot op plek 04-32-B";"";""
"04-33";"Lid op plek 04-33";"Boot op plek 04-33";"oranje";"oranje"
"04-41";"";"";"";""
"04-42";"";"";"";""
"04-43";"";"";"";""
"04-44";"";"";"";""
"04-45";"Lid op plek 04-45";"Boot op plek 04-45";"wit";"wit"
"04-46";"";"";"";""
"05-11";"Lid op plek 05-11";"Boot op plek 05-11";"geel";"geel"
"05-13";"Lid op plek 05-13";"Boot op plek 05-13";"groen/zwart";"groen/zwart"
"05-21";"Lid op plek 05-21";"Boot op plek 05-21";"rood";"grijs"
"05-22";"Lid op plek 05-22";"Boot op plek 05-22";"wit";"wit, wit-oranje gestreept"
"05-24";"Lid op plek 05-24";"Boot op plek 05-24";"wit";"wit"
"05-25";"Lid op plek 05-25";"Boot op plek 05-25";"groen";"groen"
"05-32";"Lid op plek 05-32";"Boot op plek 05-32";"wit";"wit"
"05-32-1";"Lid op plek 05-32-1";"Boot op plek 05-32-1";"wit";"wit"
"05-34";"";"";"";""
"05-41";"";"";"";""
"05-42";"Lid op plek 05-42";"Boot op plek 05-42";"wit/blauw";"wit/blauw"
"05-43";"Lid op plek 05-43";"Boot op plek 05-43";"wit";"wit"
"05-43-1";"Lid op plek 05-43-1";"Boot op plek 05-43-1";"wit";"wit"
"05-44-1";"Lid op plek 05-44-1";"Boot op plek 05-44-1";"wit/blauw";"wit/blauw"
"05-45";"Lid op plek 05-45";"Boot op plek 05-45";"beige/camo";"beige/camo"
"05-51";"Lid op plek 05-51";"Boot op plek 05-51";"oranje";"oranje"
"05-52";"Lid op plek 05-52";"Boot op plek 05-52";"oranje";"oranje"
"05-53";"Lid op plek 05-53";"Boot op plek 05-53";"oranje";"oranje"
"05-54";"Lid op plek 05-54";"Boot op plek 05-54";"oranje";"oranje"
"05-55";"Lid op plek 05-55";"Boot op plek 05-55";"oranje";"oranje"
"06-11";"Lid op plek 06-11";"Boot op plek 06-11";"rood/zwart";"wit"
"06-12";"Lid op plek 06-12";"Boot op plek 06-12";"geel-oranje";"geel-oranje"
"06-13";"Lid op plek 06-13";"Boot op plek 06-13";"geel";"geel"
"06-14";"Lid op plek 06-14";"Boot op plek 06-14";"blauw";"blauw"
"06-15";"Lid op plek 06-15";"Boot op plek 06-15";"oranje";"wit"
"06-15";"";"";"";""
"06-21";"Lid op plek 06-21";"Boot op plek 06-21";"geel";"wit"
"06-22";"Lid op plek 06-22";"Boot op plek 06-22";"groen";"groen"
"06-23";"Lid op plek 06-23";"Boot op plek 06-23";"rood";"rood"
"06-24";"Lid op plek 06-24";"Boot op plek 06-24";"rood";"wit"
"06-25";"Lid op plek 06-25";"Boot op plek 06-25";"rood";"wit"
"06-25";"";"";"";""
"06-31";"Lid op plek 06-31";"Boot op plek 06-31";"wit";"wit"
"06-32";"Lid op plek 06-32";"Boot op plek 06-32";"geel";"rood"
"06-33";"Lid op plek 06-33";"Boot op plek 06-33";"rood";"rood"
"06-34";"Lid op plek 06-34";"Boot op plek 06-34";"rood";"rood"
"06-35";"Lid op plek 06-35";"Boot op plek 06-35";"geel";"wit"
"06-35";"";"";"";""
"06-41";"Lid op plek 06-41";"Boot op plek 06-41";"blauw/wit";"blauw/wit"
"06-42";"Lid op plek 06-42";"Boot op plek 06-42";"oranje";"oranje"
"06-43";"Lid op plek 06-43";"Boot op plek 06-43";"blauw";"wit"
"06-44";"Lid op plek 06-44";"Boot op plek 06-44";"geel";"geel"
"06-51";"Lid op plek 06-51";"Boot op plek 06-51";"geel";"wit"
"06-52";"";"";"";""
"06-53";"";"";"";""
"06-54";"Lid op plek 06-54";"Boot op plek 06-54";"geel";"geel"
"06-61";"";"";"";""
"06-62";"";"";"";""
"06-63";"";"";"";""
"06-64";"";"";"";""
"06-65";"";"";"";""
"07-21";"Lid op plek 07-21";"Boot op plek 07-21";"";""
"07-22";"Lid op plek 07-22";"Boot op plek 07-22";"";""
"07-23";"Lid op plek 07-23";"Boot op plek 07-23";"";""
"07-24";"Lid op plek 07-24";"Boot op plek 07-24";"";""
"07-31";"Lid op plek 07-31";"Boot op plek 07-31";"";""
"07-32";"Lid op plek 07-32";"Boot op plek 07-32";"";""
"07-33";"Lid op plek 07-33";"Boot op plek 07-33";"";""
"07-34";"Lid op plek 07-34";"Boot op plek 07-34";"";""
"07-41";"Lid op plek 07-41";"Boot op plek 07-41";"";""
"07-42";"Lid op plek 07-42";"Boot op plek 07-42";"";""
"07-43";"Lid op plek 07-43";"Boot op plek 07-43";"";""
"07-44";"Lid op plek 07-44";"Boot op plek 07-44";"";""
"07-51";"";"";"";""
"07-52";"Lid op plek 07-52";"Boot op plek 07-52";"paars";"paars"
"07-53";"Lid op plek 07-53";"Boot op plek 07-53";"rood";"rood"
"07-54";"Lid op plek 07-54";"Boot op plek 07-54";"transparant";"transparant"
"07-55";"Lid op plek 07-55";"Boot op plek 07-55";"blauw";"blauw"
"08-11";"";"";"";""
"08-21";"Lid op plek 08-21";"Boot op plek 08-21";"geel";"geel"
"08-22";"Lid op plek 08-22";"Boot op plek 08-22";"blauw";"blauw"
"08-23";"Lid op plek 08-23";"Boot op plek 08-23";"geel-rood";"geel-rood"
"08-24";"Lid op plek 08-24";"Boot op plek 08-24";"groen";"groen"
"08-25";"Lid op plek 08-25";"Boot op plek 08-25";"grijs";"grijs"
"08-31";"Lid op plek 08-31";"Boot op plek 08-31";"groen";"groen"
"08-32";"Lid op plek 08-32";"Boot op plek 08-32";"oranje";"geel"
"08-33";"Lid op plek 08-33";"Boot op plek 08-33";"oranje";"geel"
"08-34";"Lid op plek 08-34";"Boot op plek 08-34";"geel";"geel"
"08-41";"";"";"";""
"08-42";"Lid op plek 08-42";"Boot op plek 08-42";"geel";"wit"
"08-43";"Lid op plek 08-43";"Boot op plek 08-43";"groen";"wit"
"08-44";"Lid op plek 08-44";"Boot op plek 08-44";"rood";"rood"
"08-45";"Lid op plek 08-45";"Boot op plek 08-45";"geel";"wit"
"08-51";"";"";"";""
"08-52";"";"";"";""
"08-53";"";"";"";""
"08-54";"";"";"";""
"08-55";"";"";"";""
"09-11";"Lid op plek 09-11";"Boot op plek 09-11";"rood";"rood"
"09-12";"Lid op plek 09-12";"Boot op plek 09-12";"rood";"wit"
"09-13";"Lid op plek 09-13";"Boot op plek 09-13";"geel";"geel"
"09-14";"Lid op plek 09-14";"Boot op plek 09-14";"blauw";"zwart"
"09-15";"Lid op plek 09-15";"Boot op plek 09-15";"oranje";"wit"
"09-16";"Lid op plek 09-16";"Boot op plek 09-16";"geel";"geel"
"09-21";"Lid op plek 09-21";"Boot op plek 09-21";"wit";"wit"
"09-22";"Lid op plek 09-22";"Boot op plek 09-22";"rood";"crème"
"09-23";"Lid op plek 09-23";"Boot op plek 09-23";"grijs";"grijs"
"09-24";"Lid op plek 09-24";"Boot op plek 09-24";"blauw";"blauw"
"09-25";"Lid op plek 09-25";"Boot op plek 09-25";"rood";"wit"
"09-26";"Lid op plek 09-26";"Boot op plek 09-26";"geel";"wit"
"09-31";"Lid op plek 09-31";"Boot op plek 09-31";"oranje";"oranje"
"09-32";"Lid op plek 09-32";"Boot op plek 09-32";"geel";"geel"
"09-33";"Lid op plek 09-33";"Boot op plek 09-33";"geel";"wit"
"09-34";"Lid op plek 09-34";"Boot op plek 09-34";"geel";"blauw"
"09-35";"Lid op plek 09-35";"Boot op plek 09-35";"rood";"zwart"
"09-36";"Lid op plek 09-36";"Boot op plek 09-36";"groen";"groen"
"09-41";"Lid op plek 09-41";"Boot op plek 09-41";"rood";"wit"
"09-42";"Lid op plek 09-42";"Boot op plek 09-42";"rood";"rood"
"09-43";"Lid op plek 09-43";"Boot op plek 09-43";"rood";"rood"
"09-44";"Lid op plek 09-44";"Boot op plek 09-44";"paars";"paars"
"09-45";"Lid op plek 09-45";"Boot op plek 09-45";"geel";"geel"
"09-46";"Lid op plek 09-46";"Boot op plek 09-46";"blauw";"blauw"
"09-51";"Lid op plek 09-51";"Boot op plek 09-51";"roze";"roze"
"09-52";"Lid op plek 09-52";"Boot op plek 09-52";"blauw";"blauw"
"09-53";"Lid op plek 09-53";"Boot op plek 09-53";"wit";"wit"
"09-54";"Lid op plek 09-54";"Boot op plek 09-54";"blauw";"blauw"
"09-55";"Lid op plek 09-55";"Boot op plek 09-55";"rood";"rood"
"09-56";"Lid op plek 09-56";"Boot op plek 09-56";"geel";"geel"
"09-57";"Lid op plek 09-57";"Boot op plek 09-57";"rood";"wit"
"09-61";"Lid op plek 09-61";"Boot op plek 09-61";"groen";"groen"
"09-62";"Lid op plek 09-62";"Boot op plek 09-62";"geel";"geel"
"09-63";"Lid op plek 09-63";"Boot op plek 09-63";"blauw/wit";"blauw/wit"
"09-64";"Lid op plek 09-64";"Boot op plek 09-64";"paars";"rood"
"09-64-1";"Lid op plek 09-64-1";"Boot op plek 09-64-1";"paars";"groen"
"09-65";"Lid op plek 09-65";"Boot op plek 09-65";"wit";"wit"
"09-66";"";"";"";""
"10-11";"Lid op plek 10-11";"Boot op plek 10-11";"wit";"wit"
"10-12";"Lid op plek 10-12";"Boot op plek 10-12";"blauw";"wit"
"10-13";"Lid op plek 10-13";"Boot op plek 10-13";"rood";"wit"
"10-14";"Lid op plek 10-14";"Boot op plek 10-14";"rood";"rood"
"10-15";"Lid op plek 10-15";"Boot op plek 10-15";"wit, zwart";"wit"
"10-21";"Lid op plek 10-21";"Boot op plek 10-21";"blauw";"blauw"
"10-22";"Lid op plek 10-22";"Boot op plek 10-22";"rood";"wit"
"10-23";"Lid op plek 10-23";"Boot op plek 10-23";"wit";"wit"
"10-24";"Lid op plek 10-24";"Boot op plek 10-24";"rood";"wit"
"10-25";"Lid op plek 10-25";"Boot op plek 10-25";"turqoise";"wit"
"10-31";"Lid op plek 10-31";"Boot op plek 10-31";"turqoise";"wit"
"10-32";"Lid op plek 10-32";"Boot op plek 10-32";"wit";"wit"
"10-33";"Lid op plek 10-33";"Boot op plek 10-33";"rood";"wit"
"10-34";"Lid op plek 10-34";"Boot op plek 10-34";"groen";"wit"
"10-35";"Lid op plek 10-35";"Boot op plek 10-35";"rood-oranje";"rood-oranje"
"10-41";"Lid op plek 10-41";"Boot op plek 10-41";"geel";"geel"
"10-42";"Lid op plek 10-42";"Boot op plek 10-42";"wit";"wit"
"10-43";"Lid op plek 10-43";"Boot op plek 10-43";"";""
"10-44";"Lid op plek 10-44";"Boot op plek 10-44";"wit";"wit"
"10-45";"Lid op plek 10-45";"Boot op plek 10-45";"blauw";"wit"
"10-51";"Lid op plek 10-51";"Boot op plek 10-51";"blauw";"blauw"
"10-52";"Lid op plek 10-52";"Boot op plek 10-52";"wit";"wit"
"10-53";"Lid op plek 10-53";"Boot op plek 10-53";"blauw";"wit"
"10-54";"Lid op plek 10-54";"Boot op plek 10-54";"oranje";"wit"
"10-55";"Lid op plek 10-55";"Boot op plek 10-55";"donker bruin";"zwart"
"10-61";"";"";"";""
"10-62";"";"";"";""
"10-63";"";"";"";""
"10-64";"";"";"";""
"10-65";"Lid op plek 10-65";"Boot op plek 10-65";"geel";"geel"
"11-11";"Lid op plek 11-11";"Boot op plek 11-11";"groen";"wit"
"11-12";"Lid op plek 11-12";"Boot op plek 11-12";"oranje";"oranje"
"11-13";"Lid op plek 11-13";"Boot op plek 11-13";"rood";"wit"
"11-14";"Lid op plek 11-14";"Boot op plek 11-14";"wit";"wit"
"11-15";"Lid op plek 11-15";"Boot op plek 11-15";"oranje";"wit"
"11-21";"Lid op plek 11-21";"Boot op plek 11-21";"rood";"rood"
"11-22";"Lid op plek 11-22";"Boot op plek 11-22";"zwart";"wit"
"11-23";"Lid op plek 11-23";"Boot op plek 11-23";"rood";"wit"
"11-24";"Lid op plek 11-24";"Boot op plek 11-24";"oranje";"wit"
"11-25";"Lid op plek 11-25";"Boot op plek 11-25";"geel";"poly"
"11-31";"Lid op plek 11-31";"Boot op plek 11-31";"blauw";"wit"
"11-32";"Lid op plek 11-32";"Boot op plek 11-32";"rood";"wit"
"11-33";"Lid op plek 11-33";"Boot op plek 11-33";"rood";"wit"
"11-34";"Lid op plek 11-34";"Boot op plek 11-34";"blauw";"wit"
"11-35";"Lid op plek 11-35";"Boot op plek 11-35";"wit";"wit"
"11-41";"Lid op plek 11-41";"Boot op plek 11-41";"geel";"geel"
"11-42";"Lid op plek 11-42";"Boot op plek 11-42";"oranje";"naturel"
"11-43";"Lid op plek 11-43";"Boot op plek 11-43";"blauw/grijs";"blauw/grijs"
"11-44";"Lid op plek 11-44";"Boot op plek 11-44";"geel";"geel"
"11-45";"Lid op plek 11-45";"Boot op plek 11-45";"rood";"wit"
"11-51";"Lid op plek 11-51";"Boot op plek 11-51";"groen";"wit"
"11-52";"Lid op plek 11-52";"Boot op plek 11-52";"groen";"groen"
"11-53";"Lid op plek 11-53";"Boot op plek 11-53";"oranje, grijs";"wit"
"11-54";"Lid op plek 11-54";"Boot op plek 11-54";"wit";"wit"
"11-55";"Lid op plek 11-55";"Boot op plek 11-55";"blauw";""
"11-61";"";"";"";""
"11-62";"Lid op plek 11-62";"Boot op plek 11-62";"rood";"wit"
"11-63";"Lid op plek 11-63";"Boot op plek 11-63";"rood";"rood"
"11-64";"Lid op plek 11-64";"Boot op plek 11-64";"donker groen";"donker groen"
"11-65";"";"";"";""
"12-11";"Lid op plek 12-11";"Boot op plek 12-11";"oranje";"wit"
"12-12";"Lid op plek 12-12";"Boot op plek 12-12";"geel";"wit"
"12-13";"Lid op plek 12-13";"Boot op plek 12-13";"geel";"wit"
"12-14";"Lid op plek 12-14";"Boot op plek 12-14";"blauw";"wit"
"12-15";"Lid op plek 12-15";"Boot op plek 12-15";"grijs";"grijs"
"12-21";"Lid op plek 12-21";"Boot op plek 12-21";"rood";"rood"
"12-22";"Lid op plek 12-22";"Boot op plek 12-22";"rood";"wit"
"12-23";"Lid op plek 12-23";"Boot op plek 12-23";"donker rood";"donker rood"
"12-24";"Lid op plek 12-24";"Boot op plek 12-24";"crème/rood";"crème/rood"
"12-25";"Lid op plek 12-25";"Boot op plek 12-25";"geel";"geel"
"12-31";"Lid op plek 12-31";"Boot op plek 12-31";"blauw/wit";"blauw/wit"
"12-32";"Lid op plek 12-32";"Boot op plek 12-32";"paars";"blauw"
"12-33";"Lid op plek 12-33";"Boot op plek 12-33";"wit";"wit"
"12-35";"Lid op plek 12-35";"Boot op plek 12-35";"rood";"rood"
"12-41";"Lid op plek 12-41";"Boot op plek 12-41";"Turqouse";"Turqouse"
"12-42";"Lid op plek 12-42";"Boot op plek 12-42";"wit";"wit"
"12-43";"Lid op plek 12-43";"Boot op plek 12-43";"geel-rood";"geel-rood"
"12-44";"Lid op plek 12-44";"Boot op plek 12-44";"blauw";"wit"
"12-45";"Lid op plek 12-45";"Boot op plek 12-45";"";""
"12-51";"Lid op plek 12-51";"Boot op plek 12-51";"rood";"rood"
"12-52";"Lid op plek 12-52";"Boot op plek 12-52";"";""
"12-53";"Lid op plek 12-53";"Boot op plek 12-53";"rood";"wit"
"12-54";"";"";"";""
"12-55";"Lid op plek 12-55";"Boot op plek 12-55";"rood";"wit"
"12-61";"Lid op plek 12-61";"Boot op plek 12-61";"blauw";"wit"
"12-61-1";"Lid op plek 12-61-1";"Boot op plek 12-61-1";"groen/rood";"wit"
"12-62";"Lid op plek 12-62";"Boot op plek 12-62";"oranje/geel";"groen"
"12-62-1";"Lid op plek 12-62-1";"Boot op plek 12-62-1";"geel";"oranje"
"12-63";"Lid op plek 12-63";"Boot op plek 12-63";"blauw";"blauw"
"12-64";"Lid op plek 12-64";"Boot op plek 12-64";"geel/oranje";"geel/oranje"
"12-65";"Lid op plek 12-65";"Boot op plek 12-65";"rasta";"rasta"
"13-11";"Lid op plek 13-11";"Boot op plek 13-11";"geel";"geel"
"13-12";"Lid op plek 13-12";"Boot op plek 13-12";"oranje";"wit"
"13-13";"Lid op plek 13-13";"Boot op plek 13-13";"zwart";"wit"
"13-14";"Lid op plek 13-14";"Boot op plek 13-14";"zwart";"rood"
"13-15";"Lid op plek 13-15";"Boot op plek 13-15";"wit";"wit"
"13-21";"Lid op plek 13-21";"Boot op plek 13-21";"groen";"groen"
"13-22";"Lid op plek 13-22";"Boot op plek 13-22";"oranje";"wit"
"13-23";"Lid op plek 13-23";"Boot op plek 13-23";"blauw";"blauw"
"13-24";"Lid op plek 13-24";"Boot op plek 13-24";"turquoise";"wit"
"13-25";"Lid op plek 13-25";"Boot op plek 13-25";"rood, witte streep";"wit"
"13-31";"Lid op plek 13-31";"Boot op plek 13-31";"groen";"groen"
"13-32";"Lid op plek 13-32";"Boot op plek 13-32";"blauw";"wit"
"13-33";"Lid op plek 13-33";"Boot op plek 13-33";"geel";"geel"
"13-34";"Lid op plek 13-34";"Boot op plek 13-34";"wit";"wit"
"13-35";"Lid op plek 13-35";"Boot op plek 13-35";"grijs";"grijs"
"13-41";"Lid op plek 13-41";"Boot op plek 13-41";"groen";"groen"
"13-42";"Lid op plek 13-42";"Boot op plek 13-42";"blauw";"wit"
"13-43";"Lid op plek 13-43";"Boot op plek 13-43";"blauw";"blauw"
"13-44";"Lid op plek 13-44";"Boot op plek 13-44";"rood";"rood"
"13-45";"Lid op plek 13-45";"Boot op plek 13-45";"blauw";"blauw"
"13-51";"Lid op plek 13-51";"Boot op plek 13-51";"blauw";"blauw"
"13-52";"Lid op plek 13-52";"Boot op plek 13-52";"wit";"groen"
"13-52-1";"Lid op plek 13-52-1";"Boot op plek 13-52-1";"wit";"groen"
"13-53";"Lid op plek 13-53";"Boot op plek 13-53";"wit";"groen"
"13-54";"";"";"";""
"13-55";"Lid op plek 13-55";"Boot op plek 13-55";"groen";"poly"
"13-61";"Lid op plek 13-61";"Boot op plek 13-61";"wit";"wit"
"13-61-1";"Lid op plek 13-61-1";"Boot op plek 13-61-1";"wit";"wit"
"13-62";"Lid op plek 13-62";"Boot op plek 13-62";"wit";"wit"
"13-62-1";"Lid op plek 13-62-1";"Boot op plek 13-62-1";"wit";"wit"
"13-63";"Lid op plek 13-63";"Boot op plek 13-63";"wit";"wit"
"13-63-1";"Lid op plek 13-63-1";"Boot op plek 13-63-1";"wit";"wit"
"13-64";"Lid op plek 13-64";"Boot op plek 13-64";"wit";"wit"
"13-64-1";"Lid op plek 13-64-1";"Boot op plek 13-64-1";"wit";"wit"
"13-65";"Lid op plek 13-65";"Boot op plek 13-65";"wit";"wit"
"13-65-1";"Lid op plek 13-65-1";"Boot op plek 13-65-1";"wit";"wit"
"14-11";"Lid op plek 14-11";"Boot op plek 14-11";"rood";"wit"
"14-12";"Lid op plek 14-12";"Boot op plek 14-12";"rood";"wit"
"14-13";"Lid op plek 14-13";"Boot op plek 14-13";"rood";"wit"
"14-14";"Lid op plek 14-14";"Boot op plek 14-14";"rood";"wit"
"14-15";"Lid op plek 14-15";"Boot op plek 14-15";"rood";"wit"
"14-21";"Lid op plek 14-21";"Boot op plek 14-21";"rood";"wit"
"14-22";"Lid op plek 14-22";"Boot op plek 14-22";"rood";"wit"
"14-23";"Lid op plek 14-23";"Boot op plek 14-23";"rood";"wit"
"14-24";"Lid op plek 14-24";"Boot op plek 14-24";"rood";"wit"
"14-25";"";"";"";""
"14-31";"Lid op plek 14-31";"Boot op plek 14-31";"";""
"14-32";"Lid op plek 14-32";"Boot op plek 14-32";"wit";"poly"
"14-33";"Lid op plek 14-33";"Boot op plek 14-33";"zwart";"zwart"
"14-34";"Lid op plek 14-34";"Boot op plek 14-34";"zwart";"zwart"
"14-35";"Lid op plek 14-35";"Boot op plek 14-35";"";""
"14-41";"Lid op plek 14-41";"Boot op plek 14-41";"rood";"wit"
"14-42";"Lid op plek 14-42";"Boot op plek 14-42";"zwart";"zwart"
"14-43";"Lid op plek 14-43";"Boot op plek 14-43";"zwart";"zwart"
"14-44";"Lid op plek 14-44";"Boot op plek 14-44";"zwart";"zwart"
"14-45";"Lid op plek 14-45";"Boot op plek 14-45";"zwart";"zwart"
"14-51";"Lid op plek 14-51";"Boot op plek 14-51";"wit";"poly"
"14-52";"Lid op plek 14-52";"Boot op plek 14-52";"";""
"14-53";"Lid op plek 14-53";"Boot op plek 14-53";"wit";"poly"
"14-54";"";"";"";""
"14-55";"Lid op plek 14-55";"Boot op plek 14-55";"zwart";"zwart"
"14-61";"Lid op plek 14-61";"Boot op plek 14-61";"rood";"wit"
"14-62";"Lid op plek 14-62";"Boot op plek 14-62";"wit";"zwart"
"14-63";"Lid op plek 14-63";"Boot op plek 14-63";"zwart";"zwart"
"14-64";"";"";"";""
"14-65";"";"";"";""
"14-71";"Lid op plek 14-71";"Boot op plek 14-71";"rood";"wit"
"14-72";"Lid op plek 14-72";"Boot op plek 14-72";"rood";"wit"
"14-73";"Lid op plek 14-73";"Boot op plek 14-73";"rood";"wit"
"14-74";"Lid op plek 14-74";"Boot op plek 14-74";"rood";"wit"
"14-75";"";"";"";""